id,name,dept,salary,email,location
1,Employee1,HR,41000,emp1@mail.com,Delhi
2,Employee2,Finance,42000,emp2@mail.com,Pune
3,Employee3,Admin,43000,emp3@mail.com,Hyderabad
4,Employee4,IT,44000,emp4@mail.com,Bangalore
5,Employee5,HR,45000,emp5@mail.com,Delhi
6,Employee6,Finance,46000,emp6@mail.com,Pune
7,Employee7,Admin,47000,emp7@mail.com,Hyderabad
8,Employee8,IT,48000,emp8@mail.com,Bangalore
9,Employee9,HR,49000,emp9@mail.com,Delhi
10,Employee10,Finance,50000,emp10@mail.com,Pune
11,Employee11,Admin,51000,emp11@mail.com,Hyderabad
12,Employee12,IT,52000,emp12@mail.com,Bangalore
13,Employee13,HR,53000,emp13@mail.com,Delhi
14,Employee14,Finance,54000,emp14@mail.com,Pune
15,Employee15,Admin,55000,emp15@mail.com,Hyderabad
16,Employee16,IT,56000,emp16@mail.com,Bangalore
17,Employee17,HR,57000,emp17@mail.com,Delhi
18,Employee18,Finance,58000,emp18@mail.com,Pune
19,Employee19,Admin,59000,emp19@mail.com,Hyderabad
20,Employee20,IT,60000,emp20@mail.com,Bangalore
21,Employee21,HR,61000,emp21@mail.com,Delhi
22,Employee22,Finance,62000,emp22@mail.com,Pune
23,Employee23,Admin,63000,emp23@mail.com,Hyderabad
24,Employee24,IT,64000,emp24@mail.com,Bangalore
25,Employee25,HR,65000,emp25@mail.com,Delhi
26,Employee26,Finance,66000,emp26@mail.com,Pune
27,Employee27,Admin,67000,emp27@mail.com,Hyderabad
28,Employee28,IT,68000,emp28@mail.com,Bangalore
29,Employee29,HR,69000,emp29@mail.com,Delhi
30,Employee30,Finance,40000,emp30@mail.com,Pune
31,Employee31,Admin,41000,emp31@mail.com,Hyderabad
32,Employee32,IT,42000,emp32@mail.com,Bangalore
33,Employee33,HR,43000,emp33@mail.com,Delhi
34,Employee34,Finance,44000,emp34@mail.com,Pune
35,Employee35,Admin,45000,emp35@mail.com,Hyderabad
36,Employee36,IT,46000,emp36@mail.com,Bangalore
37,Employee37,HR,47000,emp37@mail.com,Delhi
38,Employee38,Finance,48000,emp38@mail.com,Pune
39,Employee39,Admin,49000,emp39@mail.com,Hyderabad
40,Employee40,IT,50000,emp40@mail.com,Bangalore
41,Employee41,HR,51000,emp41@mail.com,Delhi
42,Employee42,Finance,52000,emp42@mail.com,Pune
43,Employee43,Admin,53000,emp43@mail.com,Hyderabad
44,Employee44,IT,54000,emp44@mail.com,Bangalore
45,Employee45,HR,55000,emp45@mail.com,Delhi
46,Employee46,Finance,56000,emp46@mail.com,Pune
47,Employee47,Admin,57000,emp47@mail.com,Hyderabad
48,Employee48,IT,58000,emp48@mail.com,Bangalore
49,Employee49,HR,59000,emp49@mail.com,Delhi
50,Employee50,Finance,60000,emp50@mail.com,Pune
51,Employee51,Admin,61000,emp51@mail.com,Hyderabad
52,Employee52,IT,62000,emp52@mail.com,Bangalore
53,Employee53,HR,63000,emp53@mail.com,Delhi
54,Employee54,Finance,64000,emp54@mail.com,Pune
55,Employee55,Admin,65000,emp55@mail.com,Hyderabad
56,Employee56,IT,66000,emp56@mail.com,Bangalore
57,Employee57,HR,67000,emp57@mail.com,Delhi
58,Employee58,Finance,68000,emp58@mail.com,Pune
59,Employee59,Admin,69000,emp59@mail.com,Hyderabad
60,Employee60,IT,40000,emp60@mail.com,Bangalore
61,Employee61,HR,41000,emp61@mail.com,Delhi
62,Employee62,Finance,42000,emp62@mail.com,Pune
63,Employee63,Admin,43000,emp63@mail.com,Hyderabad
64,Employee64,IT,44000,emp64@mail.com,Bangalore
65,Employee65,HR,45000,emp65@mail.com,Delhi
66,Employee66,Finance,46000,emp66@mail.com,Pune
67,Employee67,Admin,47000,emp67@mail.com,Hyderabad
68,Employee68,IT,48000,emp68@mail.com,Bangalore
69,Employee69,HR,49000,emp69@mail.com,Delhi
70,Employee70,Finance,50000,emp70@mail.com,Pune
71,Employee71,Admin,51000,emp71@mail.com,Hyderabad
72,Employee72,IT,52000,emp72@mail.com,Bangalore
73,Employee73,HR,53000,emp73@mail.com,Delhi
74,Employee74,Finance,54000,emp74@mail.com,Pune
75,Employee75,Admin,55000,emp75@mail.com,Hyderabad
76,Employee76,IT,56000,emp76@mail.com,Bangalore
77,Employee77,HR,57000,emp77@mail.com,Delhi
78,Employee78,Finance,58000,emp78@mail.com,Pune
79,Employee79,Admin,59000,emp79@mail.com,Hyderabad
80,Employee80,IT,60000,emp80@mail.com,Bangalore
81,Employee81,HR,61000,emp81@mail.com,Delhi
82,Employee82,Finance,62000,emp82@mail.com,Pune
83,Employee83,Admin,63000,emp83@mail.com,Hyderabad
84,Employee84,IT,64000,emp84@mail.com,Bangalore
85,Employee85,HR,65000,emp85@mail.com,Delhi
86,Employee86,Finance,66000,emp86@mail.com,Pune
87,Employee87,Admin,67000,emp87@mail.com,Hyderabad
88,Employee88,IT,68000,emp88@mail.com,Bangalore
89,Employee89,HR,69000,emp89@mail.com,Delhi
90,Employee90,Finance,40000,emp90@mail.com,Pune
91,Employee91,Admin,41000,emp91@mail.com,Hyderabad
92,Employee92,IT,42000,emp92@mail.com,Bangalore
93,Employee93,HR,43000,emp93@mail.com,Delhi
94,Employee94,Finance,44000,emp94@mail.com,Pune
95,Employee95,Admin,45000,emp95@mail.com,Hyderabad
96,Employee96,IT,46000,emp96@mail.com,Bangalore
97,Employee97,HR,47000,emp97@mail.com,Delhi
98,Employee98,Finance,48000,emp98@mail.com,Pune
99,Employee99,Admin,49000,emp99@mail.com,Hyderabad
100,Employee100,IT,50000,emp100@mail.com,Bangalore
